idex,two-k,fifteen-Hun,weight,age,reps
0.42553192377090454,0.5208333134651184,0.45838087797164917,0.36140361428260803,0.3333333432674408,0.5384615659713745
0.5248227119445801,0.22916673123836517,0.28050169348716736,0.2771930396556854,0.5555555820465088,0.5384615659713745
0.08983451873064041,0.5416667461395264,0.5553021430969238,0.13333344459533691,0.1111111119389534,0.5384615659713745
0.8888888955116272,0.8333333134651184,0.6294184923171997,0.8280701041221619,0.6666666865348816,0.8461538553237915
0.1182033121585846,0.3750000298023224,0.3911060690879822,0.19999989867210388,0,0.692307710647583
0.39007091522216797,0.24999995529651642,0.2827821373939514,0.3438597619533539,0.2222222238779068,0.07692307978868484
0.07565011829137802,0.33333340287208557,0.6659064888954163,0.178947314620018,0.1111111119389534,0.23076923191547394
0.1252955049276352,0.5208333134651184,0.4640820324420929,0.36140361428260803,0.3333333432674408,0.38461539149284363
0.2671394944190979,0.625,0.5142531394958496,0.4070174992084503,0.5555555820465088,0.8461538553237915
0.0591016560792923,0.29166656732559204,0.6465222239494324,0.13684216141700745,0.2222222238779068,0.8461538553237915
0.9125295281410217,0.7083332538604736,0.8129988312721252,0.8982455730438232,0.2222222238779068,0.38461539149284363
0.5177304744720459,0.49999991059303284,0.4344356060028076,0.37543848156929016,0.3333333432674408,0.5384615659713745
0.9219858050346375,0.7291666269302368,0.5199543833732605,0.7754385471343994,0.4444444477558136,0.692307710647583
0.10165484994649887,0.5208333134651184,0.5530216693878174,0.36140361428260803,0.3333333432674408,0.07692307978868484
0.04018912464380264,0.3125,0.42303305864334106,0.3684210479259491,0.3333333432674408,0.692307710647583
0.3167848587036133,0.9583333730697632,0.9087799191474915,0.5894737839698792,0.4444444477558136,1
0.26241135597229004,0.5208333134651184,0.6020523905754089,0.3929823637008667,0.3333333432674408,0.8461538553237915
0.7186761498451233,0.4791666865348816,0.41505134105682373,0.4070174992084503,0.4444444477558136,0.8461538553237915
0.21040189266204834,0.3750000298023224,0.4173317849636078,0.36491233110427856,0.6666666865348816,0.07692307978868484
0.38770684599876404,0.5624999403953552,0.5496008396148682,0.1298244595527649,0.1111111119389534,0.4615384638309479
0.2434988170862198,0.3750000298023224,0.4606613218784332,0.19999989867210388,0,0.8461538553237915
0.18203309178352356,0.4791666865348816,0.5074115991592407,0.2842104732990265,0.5555555820465088,0.692307710647583
0.3546099364757538,0.8333333134651184,0.6533636450767517,0.985964834690094,0.4444444477558136,0.5384615659713745
0.7044917345046997,0.8333333134651184,0.7662485837936401,0.8280701041221619,0.6666666865348816,0.8461538553237915
0.8841607570648193,0.29166656732559204,0.503990888595581,0.3543859124183655,0.4444444477558136,0.1538461595773697
0.1489361673593521,0.6875,0.7559862732887268,0.5087719559669495,0.3333333432674408,0.692307710647583
0.4869976341724396,0.5208333134651184,0.45838087797164917,0.4175439178943634,0.2222222238779068,0.5384615659713745
0.4208037853240967,0.33333340287208557,0.42987459897994995,0.178947314620018,0,0.8461538553237915
0.4893617033958435,0.5208333134651184,0.4344356060028076,0.36140361428260803,0.3333333432674408,0.5384615659713745
0.9929078221321106,0.3750000298023224,0.6043329238891602,0.20701760053634644,0.4444444477558136,0.3076923191547394
0.4822694957256317,0.6875,0.5769669413566589,0.6912279725074768,0.6666666865348816,0.692307710647583
0.3924349844455719,0.4791666865348816,0.5347775816917419,0.5017545223236084,0.3333333432674408,0.4615384638309479
0.21749408543109894,0.5416667461395264,0.6259976625442505,0.13333344459533691,0.1111111119389534,0.8461538553237915
0.7895981073379517,0.39583322405815125,0.7023944854736328,0.41052621603012085,0.1111111119389534,0.5384615659713745
0.5862883925437927,0.6666666269302368,0.7582667469978333,0.6912279725074768,0.2222222238779068,0.38461539149284363
0.2505910098552704,0.33333340287208557,0.4606613218784332,0.31578946113586426,0.6666666865348816,0.8461538553237915
0.33806145191192627,0.5208333134651184,0.444697767496109,0.36140361428260803,0.3333333432674408,0.692307710647583
0.36643025279045105,0.3750000298023224,0.4036487638950348,0.36491233110427856,0.6666666865348816,0.07692307978868484
0.44917258620262146,0.7916666865348816,0.7457240223884583,0.6877192258834839,0.8888888955116272,1
0.6643025875091553,0.39583322405815125,0.5416191220283508,0.34035077691078186,0.4444444477558136,0.692307710647583
0.4231678545475006,0.5624999403953552,0.6054732203483582,0.1298244595527649,0.1111111119389534,0.8461538553237915
0.1418439745903015,0.4791666865348816,0.4777650237083435,0.2842104732990265,0.5555555820465088,0.38461539149284363
0.25531914830207825,0.916666567325592,0.7628277540206909,0.7578946948051453,0.8888888955116272,1
0.5602836608886719,0.29166656732559204,0.5792474150657654,0.17192988097667694,0.2222222238779068,0.692307710647583
0.02364066243171692,0.24999995529651642,0.5644240975379944,0.3438597619533539,0.3333333432674408,0.692307710647583
0.12293144315481186,0.5208333134651184,0.4857468605041504,0.3929823637008667,0.3333333432674408,0.692307710647583
0.028368793427944183,0.7916666865348816,0.7092360258102417,0.6877192258834839,1,0.8461538553237915
0.47754135727882385,0.7500000596046448,0.6100342273712158,0.7403508424758911,0.2222222238779068,0.5384615659713745
0.3096926808357239,0.33333340287208557,0.47548457980155945,0.178947314620018,0,0.8461538553237915
0.7021276354789734,0.3541666269302368,0.3854047954082489,0.25614047050476074,0.2222222238779068,0.5384615659713745
0.2293144166469574,0.5416667461395264,0.5404788255691528,0.13333344459533691,0.1111111119389534,0.8461538553237915
0.27895981073379517,0.5624999403953552,0.729760468006134,0.1298244595527649,0.1111111119389534,0.3076923191547394
0.07801418751478195,0.24999995529651642,0.6921321749687195,0.3438597619533539,0.3333333432674408,0.692307710647583
0.21985815465450287,0.4791666865348816,0.4161914885044098,0.1684211641550064,1,0.692307710647583
0.24822695553302765,0.5624999403953552,0.6305586695671082,0.1298244595527649,0.1111111119389534,0.8461538553237915
0.368794322013855,0.7916666865348816,0.797035276889801,0.6877192258834839,0.8888888955116272,1
0.2364066243171692,0.9583333730697632,0.9475484490394592,0.5894737839698792,0.4444444477558136,1
0.40425533056259155,0.604166567325592,0.5267958641052246,0.7964911460876465,0.1111111119389534,0.8461538553237915
0.033096928149461746,0.9374999403953552,0.8004561066627502,0.5263158082962036,0.3333333432674408,0.8461538553237915
0.5791962146759033,0.24999995529651642,0.3568985164165497,0.19298245012760162,0.4444444477558136,0.5384615659713745
0.1702127605676651,0.9583333730697632,1,0.5894737839698792,0.4444444477558136,0.8461538553237915
0.29314419627189636,0.7083332538604736,0.5131128430366516,0.8000001311302185,0.1111111119389534,0.692307710647583
0.19858156144618988,0.6666666269302368,0.6100342273712158,0.7578946948051453,0.2222222238779068,0.692307710647583
0.20567375421524048,0.33333340287208557,0.49600914120674133,0.33684206008911133,0.2222222238779068,0.5384615659713745
0.32860520482063293,0.24999995529651642,0.4344356060028076,0.3438597619533539,0.2222222238779068,0.8461538553237915
0.021276595070958138,0.3125,0.3169896900653839,0.3684210479259491,0.3333333432674408,0.5384615659713745
0.5933806300163269,0.29166656732559204,0.40820977091789246,0.3543859124183655,0.4444444477558136,0.38461539149284363
0.7423167824745178,0.24999995529651642,0.5131128430366516,0.42456135153770447,0.1111111119389534,0.692307710647583
0.2600472867488861,0.4791666865348816,0.3979474902153015,0.1684211641550064,1,0.3076923191547394
0.9007092118263245,0.39583322405815125,0.48802730441093445,0.34035077691078186,0.4444444477558136,0.8461538553237915
0.9739952683448792,0.39583322405815125,0.5518813729286194,0.34035077691078186,0.4444444477558136,0.692307710647583
0.8912529349327087,0.7916666865348816,0.798175573348999,0.6877192258834839,0.6666666865348816,1
0.2718676030635834,0.2708333730697632,0.47434431314468384,0.27017533779144287,0.5555555820465088,0.5384615659713745
0.24586288630962372,0.7083332538604736,0.5746864080429077,0.8000001311302185,0.1111111119389534,0.8461538553237915
0.5319148898124695,0.39583322405815125,0.6248573660850525,0.41052621603012085,0.1111111119389534,0.38461539149284363
0.042553190141916275,0.29166656732559204,0.6214366555213928,0.13684216141700745,0.2222222238779068,0.8461538553237915
0.4799054265022278,0.3750000298023224,0.38198405504226685,0.36491233110427856,0.6666666865348816,0.5384615659713745
0.7446808218955994,0.24999995529651642,0.543899655342102,0.19298245012760162,0.4444444477558136,0.4615384638309479
0.6808510422706604,0.24999995529651642,0.47434431314468384,0.19298245012760162,0.4444444477558136,0.5384615659713745
0.49881798028945923,0.3125,0.3055872619152069,0.3684210479259491,0.2222222238779068,0.5384615659713745
0.3617021143436432,0.7291666269302368,0.5267958641052246,1,0.6666666865348816,0.5384615659713745
0.4964539110660553,0.7708332538604736,0.5233751535415649,0.19298245012760162,0.2222222238779068,0.5384615659713745
0.7659574747085571,0.39583322405815125,0.5473204255104065,0.34035077691078186,0.4444444477558136,0.8461538553237915
0.11583924293518066,0.5416667461395264,0.5587228536605835,0.13333344459533691,0.1111111119389534,0.692307710647583
0.43971630930900574,0.916666567325592,0.7320410013198853,0.859649121761322,0.8888888955116272,0.692307710647583
0.567375898361206,0.22916673123836517,0.3660205006599426,0.2771930396556854,0.5555555820465088,0.692307710647583
0.408983439207077,0.33333340287208557,0.42873433232307434,0.31578946113586426,0.6666666865348816,0.5384615659713745
0.5011820197105408,0.8333333134651184,0.7502850294113159,0.8280701041221619,0.6666666865348816,0.5384615659713745
0.32151299715042114,0.29166656732559204,0.5119726061820984,0.13684216141700745,0.1111111119389534,0.8461538553237915
0.14420804381370544,0.49999991059303284,0.7217787504196167,0.2736843228340149,0.4444444477558136,0.38461539149284363
0.49172577261924744,0.49999991059303284,0.6294184923171997,0.37543848156929016,0.5555555820465088,0.692307710647583
0.3640661835670471,0.3125,0.3637399673461914,0.3684210479259491,0.2222222238779068,0.692307710647583
0.6406619548797607,0.3541666269302368,0.4378563165664673,0.25614047050476074,0.2222222238779068,0.23076923191547394
0.9385342597961426,0.7916666865348816,0.8472063541412354,0.6877192258834839,0.6666666865348816,0.692307710647583
0.8037825226783752,0.29166656732559204,0.4777650237083435,0.3543859124183655,0.4444444477558136,0.8461538553237915
0.3404255211353302,0.5624999403953552,0.6054732203483582,0.1298244595527649,0.1111111119389534,0.8461538553237915
0.4066193997859955,0.29166656732559204,0.5381984114646912,0.13684216141700745,0.1111111119389534,0.5384615659713745
0.6122931241989136,0.5624999403953552,0.718358039855957,0.6842105388641357,0.3333333432674408,0.8461538553237915
0.8156028389930725,0.6666666269302368,0.8415051102638245,0.6912279725074768,0.2222222238779068,0.5384615659713745
0.38061466813087463,0.14583328366279602,0.3694412410259247,0.11228059232234955,1,0.38461539149284363
0.3120567500591278,0.33333340287208557,0.5188141465187073,0.31578946113586426,0.6666666865348816,1
0.7541370987892151,0.6666666269302368,0.877993106842041,0.6912279725074768,0.2222222238779068,0.8461538553237915
0.26950353384017944,0.5208333134651184,0.6716077327728271,0.3929823637008667,0.3333333432674408,0.3076923191547394
0.73758864402771,0.7291666269302368,0.5473204255104065,0.7754385471343994,0.4444444477558136,0.692307710647583
0,0.9374999403953552,0.7594069838523865,0.5263158082962036,0.3333333432674408,0.8461538553237915
0.9621749520301819,0.24999995529651642,0.5131128430366516,0.42456135153770447,0.1111111119389534,0.07692307978868484
0.09929078072309494,0.4166666567325592,0.5906499624252319,0.5508770942687988,0.3333333432674408,0.5384615659713745
0.6288415789604187,0,0.4663625955581665,0.12631574273109436,0.3333333432674408,0.692307710647583
0.6382978558540344,0.3750000298023224,0.57012540102005,0.20701760053634644,0.4444444477558136,0.23076923191547394
0.3569740056991577,0.604166567325592,0.5553021430969238,0.7964911460876465,0.1111111119389534,0.8461538553237915
0.6784870028495789,0.4166666567325592,0.5997719168663025,0.4035087823867798,0.1111111119389534,0.5384615659713745
0.4444444477558136,0.4166666567325592,0.5655643939971924,0.40000006556510925,0.3333333432674408,0.8461538553237915
0.4728132486343384,0.916666567325592,0.8129988312721252,0.859649121761322,0.8888888955116272,0.692307710647583
0.10874704271554947,0.4166666567325592,0.4732040464878082,0.1649121791124344,0.2222222238779068,0.692307710647583
0.21276596188545227,0.4166666567325592,0.6066133975982666,0.1649121791124344,0.2222222238779068,0.8461538553237915
0.9905437231063843,0.3125,0.2109464406967163,0.3087720274925232,0.4444444477558136,0.5384615659713745
0.30023640394210815,0.33333340287208557,0.582668125629425,0.31578946113586426,0.6666666865348816,0.8461538553237915
0.46335697174072266,0.2708333730697632,0.4481185972690582,0.27017533779144287,0.5555555820465088,0.5384615659713745
0.9952718615531921,0.4166666567325592,0.6442416310310364,0.4035087823867798,0.1111111119389534,0.23076923191547394
0.8274231553077698,0.24999995529651642,0.5655643939971924,0.42456135153770447,0.1111111119389534,0.692307710647583
0.3711583912372589,0.9374999403953552,0.6932724714279175,0.5263158082962036,0.2222222238779068,0.38461539149284363
0.6217494010925293,0.24999995529651642,0.48916760087013245,0.19298245012760162,0.4444444477558136,0.692307710647583
0.01182033121585846,0.7500000596046448,0.6259976625442505,0.7403508424758911,0.3333333432674408,0.692307710647583
0.39716312289237976,0.5208333134651184,0.4652223289012909,0.36140361428260803,0.3333333432674408,0.692307710647583
0.9338061213493347,0.3750000298023224,0.5895096659660339,0.20701760053634644,0.4444444477558136,0.23076923191547394
0.9172576665878296,0.08333325386047363,0.2759406864643097,0.4877193570137024,0.3333333432674408,0.07692307978868484
0.45626476407051086,0.3750000298023224,0.3911060690879822,0.36491233110427856,0.6666666865348816,0.5384615659713745
0.5839243531227112,0,0.4515393078327179,0.12631574273109436,0.3333333432674408,0.5384615659713745
0.5910165309906006,0.7083332538604736,0.4857468605041504,0.8982455730438232,0.2222222238779068,0.38461539149284363
0.652482271194458,0.5624999403953552,0.8973773717880249,0.6842105388641357,0.3333333432674408,0.692307710647583
0.15839242935180664,0.33333340287208557,0.568985104560852,0.31578946113586426,0.6666666865348816,1
0.5697399377822876,0.4166666567325592,0.5940706729888916,0.4035087823867798,0.1111111119389534,0.5384615659713745
0.19621749222278595,0.5624999403953552,0.6100342273712158,0.1298244595527649,0.1111111119389534,0.8461538553237915
0.1040189117193222,1,0.7753705382347107,0.9087719917297363,0.8888888955116272,0.692307710647583
0.6359338164329529,0.08333325386047363,0.05473203957080841,0.4877193570137024,0.3333333432674408,0.38461539149284363
0.8699763417243958,0,0.4515393078327179,0.12631574273109436,0.3333333432674408,0.8461538553237915
0.9503546357154846,0.6666666269302368,0.7149373292922974,0.6912279725074768,0.2222222238779068,0.23076923191547394
0.7754136919975281,0.39583322405815125,0.6898517608642578,0.48421064019203186,0.5555555820465088,0.3076923191547394
0.1843971610069275,0.4791666865348816,0.5108323097229004,0.1684211641550064,1,0.38461539149284363
0.2884160876274109,0.3750000298023224,0.45952102541923523,0.19999989867210388,0,0.692307710647583
0.5531914830207825,0.8333333134651184,0.6659064888954163,0.8280701041221619,0.6666666865348816,0.692307710647583
0.7115839123725891,0.5624999403953552,0.8232610821723938,0.6842105388641357,0.3333333432674408,0.8461538553237915
0.31442078948020935,0.7916666865348816,0.7012541890144348,0.6877192258834839,0.8888888955116272,1
0.6548463106155396,0.6666666269302368,0.6795894503593445,0.9684209823608398,0.4444444477558136,0.692307710647583
0.22458629310131073,0.5208333134651184,0.57012540102005,0.3929823637008667,0.3333333432674408,0.8461538553237915
0.4137115776538849,0.49999991059303284,0.583808422088623,0.37543848156929016,0.5555555820465088,1
0.5555555820465088,0.7083332538604736,0.7582667469978333,0.7263156771659851,0.4444444477558136,0.692307710647583
0.6335697174072266,0.4166666567325592,0.5153934359550476,0.4035087823867798,0.1111111119389534,0.38461539149284363
0.4160756468772888,0.7708332538604736,0.5610033869743347,0.19298245012760162,0.2222222238779068,0.8461538553237915
0.7777777910232544,0.4791666865348816,0.41505134105682373,0.4070174992084503,0.4444444477558136,0.23076923191547394
0.7565011978149414,0.5624999403953552,0.703534722328186,0.6842105388641357,0.3333333432674408,0.8461538553237915
0.5366430282592773,0.3125,0.4811858534812927,0.3087720274925232,0.4444444477558136,0.38461539149284363
0.1773049682378769,0.5208333134651184,0.583808422088623,0.36140361428260803,0.3333333432674408,0.38461539149284363
0.6619385480880737,0.7083332538604736,0.5997719168663025,0.8982455730438232,0.2222222238779068,0.692307710647583
0.283687949180603,0.5208333134651184,0.5017102956771851,0.4175439178943634,0.2222222238779068,0.692307710647583
0.13002364337444305,0.9374999403953552,0.6545039415359497,0.5263158082962036,0.2222222238779068,0.692307710647583
0.37352246046066284,0.4166666567325592,0.5359178781509399,0.40000006556510925,0.3333333432674408,0.692307710647583
0.5035461187362671,0.7083332538604736,0.6419612169265747,0.7263156771659851,0.4444444477558136,0.5384615659713745
0.5224586129188538,0.39583322405815125,0.3420752286911011,0.34035077691078186,0.4444444477558136,0.5384615659713745
0.6690307259559631,0.22916673123836517,0.42189276218414307,0.2771930396556854,0.5555555820465088,0.692307710647583
0.8250591158866882,0.7291666269302368,0.6556441783905029,0.7754385471343994,0.4444444477558136,0.692307710647583
0.7352246046066284,0.4166666567325592,0.6989737749099731,0.4035087823867798,0.1111111119389534,0.692307710647583
0.758865237236023,0.7916666865348816,0.7787913084030151,0.6877192258834839,0.6666666865348816,0.8461538553237915
0.044917259365320206,0.604166567325592,0.3568985164165497,0.7964911460876465,0.2222222238779068,0.8461538553237915
0.7990543842315674,0.5624999403953552,0.6351196765899658,0.6842105388641357,0.3333333432674408,0.8461538553237915
0.8061465620994568,0.39583322405815125,0.6077536940574646,0.34035077691078186,0.4444444477558136,0.8461538553237915
0.6832151412963867,0.3750000298023224,0.5404788255691528,0.20701760053634644,0.4444444477558136,0.5384615659713745
0.29078012704849243,0.4166666567325592,0.6225769519805908,0.1649121791124344,0.2222222238779068,0.692307710647583
0.6430259943008423,0.3125,0.4310147762298584,0.3087720274925232,0.4444444477558136,0.692307710647583
0.26477542519569397,0.3541666269302368,0.5906499624252319,0.25614047050476074,0.4444444477558136,0.38461539149284363
0.6477541327476501,0.6666666269302368,0.729760468006134,0.6912279725074768,0.2222222238779068,0.692307710647583
0.42789599299430847,0.29166656732559204,0.508551836013794,0.13684216141700745,0.1111111119389534,0.8461538553237915
0.03546099364757538,0.24999995529651642,0.7012541890144348,0.3438597619533539,0.3333333432674408,0.692307710647583
0.4018912613391876,0.7291666269302368,0.6066133975982666,1,0.6666666865348816,0.5384615659713745
0.5153664350509644,0.5624999403953552,0.6841504573822021,0.6842105388641357,0.3333333432674408,0.5384615659713745
0.6973995566368103,0.24999995529651642,0.45610031485557556,0.42456135153770447,0.1111111119389534,0.692307710647583
0.7943262457847595,0.8333333134651184,0.7936145663261414,0.8280701041221619,0.6666666865348816,0.8461538553237915
0.3782505989074707,0.49999991059303284,0.557582676410675,0.2736843228340149,0.4444444477558136,1
0.2080378234386444,0.7083332538604736,0.582668125629425,0.8000001311302185,0.1111111119389534,0.8461538553237915
0.3498817980289459,0.4791666865348816,0.6180159449577332,0.5017545223236084,0.3333333432674408,0.8461538553237915
0.9290780425071716,0,0.3968072235584259,0.12631574273109436,0.3333333432674408,0.692307710647583
0.24113474786281586,0.5208333134651184,0.42075249552726746,0.4175439178943634,0.2222222238779068,0.692307710647583
0.23167848587036133,0.5208333134651184,0.5644240975379944,0.36140361428260803,0.3333333432674408,0.5384615659713745
0.13475176692008972,0.3750000298023224,0.4777650237083435,0.19999989867210388,0,0.692307710647583
0.5626477599143982,0.5624999403953552,0.6214366555213928,0.6842105388641357,0.3333333432674408,0.692307710647583
0.9101654887199402,0.7500000596046448,0.6795894503593445,0.3684210479259491,0.4444444477558136,0.5384615659713745
0.304964542388916,0.9583333730697632,0.9099200963973999,0.5894737839698792,0.4444444477558136,0.8461538553237915
0.5342789888381958,0.458333283662796,0.5131128430366516,0.13684216141700745,0.3333333432674408,0.38461539149284363
0.5271867513656616,0.29166656732559204,0.2759406864643097,0.11228059232234955,0.7777777910232544,0.5384615659713745
0.07328604906797409,0.916666567325592,0.7548460364341736,0.859649121761322,1,0.8461538553237915
0.6666666865348816,0.29166656732559204,0.4036487638950348,0.11228059232234955,0.7777777910232544,0.692307710647583
0.8959810733795166,0.29166656732559204,0.5108323097229004,0.3543859124183655,0.4444444477558136,0.8461538553237915
1,0.3541666269302368,0.57012540102005,0.4666667878627777,0.6666666865348816,0
0.7612293362617493,0.49999991059303284,0.5347775816917419,0.37543848156929016,0.3333333432674408,0.8461538553237915
0.9456264972686768,0.39583322405815125,0.6704674959182739,0.34035077691078186,0.4444444477558136,0.692307710647583
0.9716312289237976,0.29166656732559204,0.499429851770401,0.11228059232234955,0.7777777910232544,0.692307710647583
0.9763593673706055,0.5624999403953552,0.26795896887779236,0.6842105388641357,0.3333333432674408,0.692307710647583
0.8014184236526489,0.29166656732559204,0.5518813729286194,0.17192988097667694,0.2222222238779068,0.8461538553237915
0.8297872543334961,0,0.499429851770401,0.12631574273109436,0.3333333432674408,0.692307710647583
0.6264775395393372,0.29166656732559204,0.41391104459762573,0.11228059232234955,0.7777777910232544,0.8461538553237915
0.4515366554260254,0.3541666269302368,0.4720638692378998,0.25614047050476074,0.4444444477558136,0.8461538553237915
0.5744680762290955,0.3750000298023224,0.5404788255691528,0.20701760053634644,0.4444444477558136,0.5384615659713745
0.9669030904769897,0.8333333134651184,0.7936145663261414,0.8280701041221619,0.6666666865348816,0.692307710647583
0.016548464074730873,0.4166666567325592,0.5108323097229004,0.40000006556510925,0.4444444477558136,0.5384615659713745
0.9645389914512634,0.6666666269302368,0,0.9684209823608398,0.4444444477558136,0.07692307978868484
0.7257683277130127,0.29166656732559204,0.3990877866744995,0.3543859124183655,0.4444444477558136,0.8461538553237915
0.16784870624542236,0.916666567325592,0.7685289978981018,0.7578946948051453,0.8888888955116272,1
0.8581560254096985,0.6666666269302368,0.7787913084030151,0.9684209823608398,0.4444444477558136,0.8461538553237915
0.6997635960578918,0.39583322405815125,0.65108323097229,0.41052621603012085,0.1111111119389534,0.5384615659713745
0.09456264972686768,0.3750000298023224,0.34093496203422546,0.19999989867210388,0,0.5384615659713745
0.002364066196605563,0.33333340287208557,0.5347775816917419,0.178947314620018,0.1111111119389534,0.692307710647583
0.215130016207695,0.4791666865348816,0.6738882064819336,0.2842104732990265,0.5555555820465088,0.8461538553237915
0.5106382966041565,0.6666666269302368,0.6647661924362183,0.9684209823608398,0.4444444477558136,0.5384615659713745
0.7966902852058411,0.7916666865348816,0.7742303013801575,0.6877192258834839,0.6666666865348816,0.8461538553237915
0.23877067863941193,0.16666670143604279,0.5256555676460266,0.3192981779575348,0.6666666865348816,0.5384615659713745
0.16548463702201843,0.2708333730697632,0.3911060690879822,0.27017533779144287,0.5555555820465088,0.5384615659713745
0.6193853616714478,0.39583322405815125,0.4036487638950348,0.34035077691078186,0.4444444477558136,0.8461538553237915
0.9030733108520508,0.5624999403953552,0.6351196765899658,0.6842105388641357,0.3333333432674408,0.8461538553237915
0.7872340679168701,0.7500000596046448,0.637400209903717,0.9368420243263245,0.3333333432674408,0.38461539149284363
0.86052006483078,0.49999991059303284,0.5974913835525513,0.37543848156929016,0.3333333432674408,0.8461538553237915
0.8486997485160828,0.3541666269302368,0.5017102956771851,0.25614047050476074,0.2222222238779068,0.5384615659713745
0.8085106611251831,0.49999991059303284,0.5655643939971924,0.37543848156929016,0.3333333432674408,0.8461538553237915
0.4751773178577423,0.4166666567325592,0.5553021430969238,0.40000006556510925,0.3333333432674408,0.5384615659713745
0.8557919859886169,0.7916666865348816,0.798175573348999,0.6877192258834839,0.6666666865348816,0.8461538553237915
0.34515365958213806,0.5208333134651184,0.4241733253002167,0.4175439178943634,0.2222222238779068,0.692307710647583
0.6761229038238525,0.7291666269302368,0.5381984114646912,0.7754385471343994,0.4444444477558136,0.5384615659713745
0.15366430580615997,0.4791666865348816,0.3637399673461914,0.1684211641550064,1,0.38461539149284363
0.6595744490623474,0.29166656732559204,0.5986316800117493,0.17192988097667694,0.2222222238779068,0.692307710647583
0.7304964661598206,0.39583322405815125,0.6248573660850525,0.48421064019203186,0.5555555820465088,0.3076923191547394
0.2813238799571991,0.5416667461395264,0.6465222239494324,0.13333344459533691,0.1111111119389534,0.692307710647583
0.41134750843048096,0.3541666269302368,0.46978330612182617,0.25614047050476074,0.4444444477558136,0.8461538553237915
0.5200945734977722,0.29166656732559204,0.3546179533004761,0.3543859124183655,0.4444444477558136,0.5384615659713745
0.2529550790786743,0.4166666567325592,0.582668125629425,0.1649121791124344,0.2222222238779068,0.8461538553237915
0.35933807492256165,0.3750000298023224,0.40706950426101685,0.36491233110427856,0.6666666865348816,0.692307710647583
0.5059101581573486,0.7083332538604736,0.636259913444519,0.8982455730438232,0.2222222238779068,0.5384615659713745
0.7068557739257812,0.6666666269302368,0.7890535593032837,0.6912279725074768,0.2222222238779068,0.8461538553237915
0.1560283750295639,1,0.7537057399749756,0.9087719917297363,0.8888888955116272,1
0.18912529945373535,0.6875,0.6761687397956848,0.5087719559669495,0.3333333432674408,1
0.39479905366897583,0.7708332538604736,0.5427594184875488,0.19298245012760162,0.2222222238779068,0.8461538553237915
0.6075649857521057,0.7083332538604736,0.6795894503593445,0.7263156771659851,0.4444444477558136,0.8461538553237915
0.9243499040603638,0.4166666567325592,0.4971493184566498,0.4035087823867798,0.1111111119389534,0.692307710647583
0.6501182317733765,0.7083332538604736,0.717217743396759,0.7263156771659851,0.4444444477558136,0.692307710647583
0.12056737393140793,0.5624999403953552,0.583808422088623,0.1298244595527649,0.1111111119389534,0.692307710647583
0.2222222238779068,0.916666567325592,0.7206384539604187,0.7578946948051453,0.8888888955116272,1
0.8794326186180115,0.7083332538604736,0.703534722328186,0.8982455730438232,0.2222222238779068,0.23076923191547394
0.5390070676803589,0.24999995529651642,0.4458380341529846,0.42456135153770447,0.1111111119389534,0.38461539149284363
0.6241135001182556,0.4791666865348816,0.4389966130256653,0.4070174992084503,0.4444444477558136,0.8461538553237915
0.3356974124908447,0.3541666269302368,0.46180158853530884,0.25614047050476074,0.4444444477558136,0.692307710647583
0.8439716100692749,0.3125,0.5302165746688843,0.3087720274925232,0.4444444477558136,0.692307710647583
0.8676123023033142,0.5624999403953552,0.4925883114337921,0.6842105388641357,0.3333333432674408,0.8461538553237915
0.47044917941093445,0.4791666865348816,0.5610033869743347,0.5017545223236084,0.3333333432674408,0.5384615659713745
0.1631205677986145,0.5624999403953552,0.5610033869743347,0.1298244595527649,0.1111111119389534,0.8461538553237915
0.05673758685588837,0.5624999403953552,0.5450398325920105,0.1298244595527649,0.2222222238779068,0.8461538553237915
0.7470449209213257,0,0.5153934359550476,0.12631574273109436,0.3333333432674408,0.3076923191547394
0.9267139434814453,0.24999995529651642,0.5895096659660339,0.42456135153770447,0.1111111119389534,0.692307710647583
0.813238799571991,0.22916673123836517,0.4663625955581665,0.2771930396556854,0.5555555820465088,0.8461538553237915
0.508274257183075,0.7916666865348816,0.6077536940574646,0.6877192258834839,0.6666666865348816,0.5384615659713745
0.9314420819282532,0.3125,0.364880234003067,0.3087720274925232,0.4444444477558136,0.692307710647583
0.7234042286872864,0.39583322405815125,0.5336374044418335,0.34035077691078186,0.4444444477558136,0.8461538553237915
0.48463356494903564,0.5833333730697632,0.5051311254501343,0.32631590962409973,0.6666666865348816,0.692307710647583
0.6146572232246399,0.7916666865348816,0.7058151960372925,0.6877192258834839,0.6666666865348816,0.7692307829856873
0.5957446694374084,0.14583328366279602,0.36145952343940735,0,0.4444444477558136,0.38461539149284363
0.7825059294700623,0.3541666269302368,0.4344356060028076,0.25614047050476074,0.2222222238779068,0.5384615659713745
0.8936170339584351,0.7083332538604736,0.6647661924362183,0.7263156771659851,0.4444444477558136,1
0.4586288332939148,0.49999991059303284,0.5473204255104065,0.2736843228340149,0.4444444477558136,0.692307710647583
0.957446813583374,0.7291666269302368,0.47092360258102417,0.7754385471343994,0.4444444477558136,0.3076923191547394
0.33096927404403687,0.49999991059303284,0.5883693695068359,0.37543848156929016,0.5555555820465088,1
0.17494089901447296,0.8333333134651184,0.8050171136856079,0.985964834690094,0.4444444477558136,0.38461539149284363
0.347517728805542,0.916666567325592,0.7229190468788147,0.859649121761322,0.8888888955116272,1
0.3333333432674408,0.2708333730697632,0.4367160499095917,0.27017533779144287,0.5555555820465088,0.692307710647583
0.695035457611084,0.3125,0.499429851770401,0.3087720274925232,0.4444444477558136,0.692307710647583
0.9408983588218689,0.7083332538604736,0.6134549379348755,0.7263156771659851,0.4444444477558136,1
0.5413711667060852,0.9374999403953552,0.771949827671051,0.985964834690094,0.5555555820465088,0.23076923191547394
0.04964539036154747,0.33333340287208557,0.5986316800117493,0.178947314620018,0.1111111119389534,0.692307710647583
0.23404255509376526,0.6875,0.6750285029411316,0.5087719559669495,0.3333333432674408,0.692307710647583
0.9054373502731323,0.29166656732559204,0.34663623571395874,0.11228059232234955,0.7777777910232544,0.8461538553237915
0.9692671298980713,0.7083332538604736,0.6887114644050598,0.8982455730438232,0.2222222238779068,0.692307710647583
0.44680851697921753,0.6666666269302368,0.6670467853546143,0.5052632093429565,0.3333333432674408,1
0.06146572157740593,0.8333333134651184,0.851767361164093,0.985964834690094,0.5555555820465088,0.8461538553237915
0.9527186751365662,0.4166666567325592,0.6191562414169312,0.4035087823867798,0.1111111119389534,0.5384615659713745
0.16075649857521057,0.625,0.6590649485588074,0.4070174992084503,0.5555555820465088,0.692307710647583
0.7494089603424072,0.3750000298023224,0.5461801290512085,0.20701760053634644,0.4444444477558136,0.23076923191547394
0.834515392780304,0.6666666269302368,0.7080957293510437,0.9684209823608398,0.4444444477558136,0.8461538553237915
0.10638298094272614,1,0.8335233926773071,0.9087719917297363,0.8888888955116272,0.8461538553237915
0.4349881708621979,0.4791666865348816,0.4652223289012909,0.5017545223236084,0.3333333432674408,0.8461538553237915
0.09692671149969101,0.5624999403953552,0.5450398325920105,0.1298244595527649,0.1111111119389534,0.5384615659713745
0.817966878414154,0.39583322405815125,0.6396806836128235,0.48421064019203186,0.5555555820465088,0.38461539149284363
0.8226950168609619,0.7083332538604736,0.7685289978981018,0.8982455730438232,0.2222222238779068,0.1538461595773697
0.2009456306695938,0.5208333134651184,0.45724058151245117,0.4175439178943634,0.2222222238779068,0.692307710647583
0.8628841638565063,0.4791666865348816,0.45610031485557556,0.4070174992084503,0.4444444477558136,0.8461538553237915
0.7801418304443359,0.39583322405815125,0.6795894503593445,0.41052621603012085,0.1111111119389534,0.5384615659713745
0.030732860788702965,0.8333333134651184,0.7685289978981018,0.985964834690094,0.5555555820465088,0.8461538553237915
0.6453900933265686,0.8333333134651184,0.8392245173454285,0.8280701041221619,0.6666666865348816,0.692307710647583
0.9479905366897583,0.29166656732559204,0.5302165746688843,0.17192988097667694,0.2222222238779068,0.692307710647583
0.20330969989299774,0.33333340287208557,0.47434431314468384,0.31578946113586426,0.6666666865348816,0.38461539149284363
0.6879432797431946,0.39583322405815125,0.6932724714279175,0.41052621603012085,0.1111111119389534,0.38461539149284363
0.6004728078842163,0.29166656732559204,0.46180158853530884,0.11228059232234955,0.7777777910232544,0.3076923191547394
0.839243471622467,0.24999995529651642,0.4834662973880768,0.19298245012760162,0.4444444477558136,0.692307710647583
0.27659574151039124,0.5208333134651184,0.5302165746688843,0.36140361428260803,0.3333333432674408,0.5384615659713745
0.7848699688911438,0.08333325386047363,0.27366015315055847,0.4877193570137024,0.3333333432674408,0.5384615659713745
0.7399527430534363,0.3125,0.5746864080429077,0.3087720274925232,0.4444444477558136,0.692307710647583
0.06382978707551956,0.7916666865348816,0.8221208453178406,0.6877192258834839,1,0.8461538553237915
0.15130023658275604,0.4166666567325592,0.6180159449577332,0.5508770942687988,0.3333333432674408,0.8461538553237915
0.3026004731655121,0.916666567325592,0.8038768172264099,0.7578946948051453,0.8888888955116272,0.8461538553237915
0.7281323671340942,0.22916673123836517,0.41391104459762573,0.2771930396556854,0.5555555820465088,0.8461538553237915
0.8108747005462646,0.4791666865348816,0.41505134105682373,0.4070174992084503,0.4444444477558136,0.8461538553237915
0.5981087684631348,0.08333325386047363,0.13340935111045837,0.4877193570137024,0.3333333432674408,0.38461539149284363
0.5484633445739746,0.3125,0.4811858534812927,0.3087720274925232,0.4444444477558136,0.38461539149284363
0.7092198729515076,0.7083332538604736,0.7126567363739014,0.7263156771659851,0.4444444477558136,0.8461538553237915
0.3995271921157837,0.3125,0.4458380341529846,0.3684210479259491,0.2222222238779068,0
0.13947990536689758,0.5208333134651184,0.5450398325920105,0.3929823637008667,0.3333333432674408,0.8461538553237915
0.3191489279270172,0.14583328366279602,0.41391104459762573,0.11228059232234955,1,0.1538461595773697
0.936170220375061,0.8333333134651184,0.7058151960372925,0.8280701041221619,0.6666666865348816,0.8461538553237915
0.3238770663738251,0.49999991059303284,0.5473204255104065,0.2736843228340149,0.4444444477558136,0.692307710647583
0.8510638475418091,0.08333325386047363,0.12314707785844803,0.4877193570137024,0.3333333432674408,0.38461539149284363
0.7517730593681335,0.8333333134651184,0.8597490787506104,0.8280701041221619,0.6666666865348816,0.8461538553237915
0.2742316722869873,0.49999991059303284,0.5017102956771851,0.2736843228340149,0.4444444477558136,0.5384615659713745
0.8723404407501221,0.39583322405815125,0.3568985164165497,0.34035077691078186,0.4444444477558136,0.8461538553237915
0.5437352061271667,0.14583328366279602,0.37514251470565796,0,0.4444444477558136,0.23076923191547394
0.5508274435997009,0.4791666865348816,0.4184720516204834,0.4070174992084503,0.4444444477558136,0.5384615659713745
0.1111111119389534,0.7083332538604736,0.5393385887145996,0.8000001311302185,0.1111111119389534,0.692307710647583
0.588652491569519,0.39583322405815125,0.6465222239494324,0.41052621603012085,0.1111111119389534,0.38461539149284363
0.914893627166748,0.4791666865348816,0.3785632252693176,0.4070174992084503,0.4444444477558136,0.23076923191547394
0.18676123023033142,1,0.7502850294113159,0.9087719917297363,0.8888888955116272,1
0.8652482032775879,0.29166656732559204,0.4834662973880768,0.11228059232234955,0.7777777910232544,0.8461538553237915
0.3853427767753601,0.33333340287208557,0.46864303946495056,0.178947314620018,0,0.8461538553237915
0.7683215141296387,0.29166656732559204,0.3899657726287842,0.11228059232234955,0.7777777910232544,0.8461538553237915
0.17257682979106903,0.5416667461395264,0.4857468605041504,0.13333344459533691,0.1111111119389534,0.8461538553237915
0.5650117993354797,0.39583322405815125,0.4925883114337921,0.34035077691078186,0.4444444477558136,0.692307710647583
0.43026003241539,0.5208333134651184,0.4344356060028076,0.4175439178943634,0.2222222238779068,0.692307710647583
0.4680851101875305,0.4791666865348816,0.6020523905754089,0.3473684787750244,0.5555555820465088,0.5384615659713745
0.49408984184265137,0.3125,0.40136831998825073,0.6421053409576416,0.2222222238779068,0.5384615659713745
0.4657210409641266,0.9374999403953552,0.7240592837333679,0.5263158082962036,0.2222222238779068,0.5384615659713745
0.13711583614349365,0.9374999403953552,0.6909920573234558,0.5263158082962036,0.2222222238779068,0.692307710647583
0.2978723347187042,0.8333333134651184,0.7685289978981018,0.985964834690094,0.4444444477558136,0.23076923191547394
0.41843971610069275,0.9374999403953552,0.7058151960372925,0.5263158082962036,0.2222222238779068,0.8461538553237915
0.7706855535507202,0.22916673123836517,0.5108323097229004,0.2771930396556854,0.5555555820465088,0.8461538553237915
0.02600472792983055,0.916666567325592,0.8415051102638245,0.859649121761322,1,0.692307710647583
0.8368794322013855,0.24999995529651642,0.6134549379348755,0.42456135153770447,0.1111111119389534,0.692307710647583
0.9078013896942139,0.22916673123836517,0.4606613218784332,0.2771930396556854,0.5555555820465088,0.8461538553237915
0.018912529572844505,0.5208333134651184,0.5313568711280823,0.4175439178943634,0.3333333432674408,0.5384615659713745
0.2955082654953003,0.6875,0.6887114644050598,0.5087719559669495,0.3333333432674408,0.692307710647583
0.7919621467590332,0.3541666269302368,0.5290763974189758,0.25614047050476074,0.2222222238779068,0.5384615659713745
0.43262410163879395,0.3125,0.285062700510025,0.6421053409576416,0.2222222238779068,0.5384615659713745
0.9598108530044556,0.3750000298023224,0.508551836013794,0.20701760053634644,0.4444444477558136,0.3076923191547394
0.7730496525764465,0.29166656732559204,0.4811858534812927,0.3543859124183655,0.4444444477558136,0.7692307829856873
0.8865247964859009,0.6666666269302368,0.9167616367340088,0.6912279725074768,0.2222222238779068,0.8461538553237915
0.30732861161231995,0.7500000596046448,0.5553021430969238,0.7403508424758911,0.2222222238779068,0.8461538553237915
0.5579196214675903,0.6666666269302368,0.6693271994590759,0.9684209823608398,0.4444444477558136,0.692307710647583
0.04728132486343384,0.4166666567325592,0.543899655342102,0.40000006556510925,0.4444444477558136,0.692307710647583
0.6926714181900024,0.24999995529651642,0.432155042886734,0.19298245012760162,0.4444444477558136,0.692307710647583
0.38297873735427856,0.5208333134651184,0.444697767496109,0.4175439178943634,0.2222222238779068,0.692307710647583
0.609929084777832,0.29166656732559204,0.4789053201675415,0.17192988097667694,0.2222222238779068,0.8461538553237915
0.326241135597229,0.4166666567325592,0.5963510870933533,0.40000006556510925,0.3333333432674408,0.8461538553237915
0.7210401892662048,0.49999991059303284,0.4515393078327179,0.37543848156929016,0.3333333432674408,0.8461538553237915
0.5721040368080139,0.7291666269302368,0.5883693695068359,0.7754385471343994,0.4444444477558136,0.5384615659713745
0.513002336025238,0.29166656732559204,0.5290763974189758,0.17192988097667694,0.2222222238779068,0.5384615659713745
0.13238771259784698,0.6666666269302368,0.6031926870346069,0.7578946948051453,0.2222222238779068,0.5384615659713745
0.9834515452384949,0.3541666269302368,0.36145952343940735,0.25614047050476074,0.2222222238779068,0.38461539149284363
0.8203309774398804,0.7083332538604736,0.8551880717277527,0.7263156771659851,0.4444444477558136,0.3076923191547394
0.716312050819397,0.7916666865348816,0.7639679908752441,0.6877192258834839,0.6666666865348816,0.8461538553237915
0.8416075706481934,0.458333283662796,0.57012540102005,0.13684216141700745,0.3333333432674408,0.692307710647583
0.5460993051528931,0.08333325386047363,0,0.4877193570137024,0.3333333432674408,0.23076923191547394
0.19385342299938202,0.3750000298023224,0.4503990411758423,0.19999989867210388,0,0.8461538553237915
0.8983451724052429,0.29166656732559204,0.5895096659660339,0.17192988097667694,0.2222222238779068,0.8461538553237915
0.11347517371177673,0.33333340287208557,0.5142531394958496,0.31578946113586426,0.6666666865348816,0.8461538553237915
0.978723406791687,0.29166656732559204,0.5256555676460266,0.3543859124183655,0.4444444477558136,0.3076923191547394
0.8321512937545776,0.458333283662796,0.5553021430969238,0.13684216141700745,0.3333333432674408,0.38461539149284363
0.007092198356986046,0.5624999403953552,0.5450398325920105,0.1298244595527649,0.2222222238779068,0.692307710647583
0.8534278869628906,0.8333333134651184,0.8711516261100769,0.8280701041221619,0.6666666865348816,0.8461538553237915
0.12765957415103912,0.6875,0.7468643188476562,0.5087719559669495,0.3333333432674408,0.3076923191547394
0.009456264786422253,0.8333333134651184,0.7445837259292603,0.985964834690094,0.5555555820465088,0.3076923191547394
0.6052009463310242,0.8333333134651184,0.7730900049209595,0.8280701041221619,0.6666666865348816,0.8461538553237915
0.9810874462127686,0.39583322405815125,0.6066133975982666,0.48421064019203186,0.5555555820465088,0.23076923191547394
0.8463357090950012,0.39583322405815125,0.7696692943572998,0.41052621603012085,0.1111111119389534,0.5384615659713745
0.5768321752548218,0.458333283662796,0.4458380341529846,0.13684216141700745,0.3333333432674408,0.5384615659713745
0.2576832175254822,1,0.7286202907562256,0.9087719917297363,0.8888888955116272,1
0.44208037853240967,0.604166567325592,0.5496008396148682,0.7964911460876465,0.1111111119389534,1
0.9858155846595764,0.7291666269302368,0.5290763974189758,0.7754385471343994,0.4444444477558136,0.5384615659713745
0.7328605055809021,0.6666666269302368,0.6077536940574646,0.9684209823608398,0.4444444477558136,0.8461538553237915
0.014184396713972092,0.6666666269302368,0.6305586695671082,0.5052632093429565,0.4444444477558136,0.692307710647583
0.673758864402771,0.39583322405815125,0.5450398325920105,0.48421064019203186,0.5555555820465088,0.23076923191547394
0.09219858050346375,0.33333340287208557,0.5393385887145996,0.31578946113586426,0.6666666865348816,0.692307710647583
0.06855791807174683,0.3125,0.45724058151245117,0.3684210479259491,0.3333333432674408,0.23076923191547394
0.28605201840400696,0.4166666567325592,0.5632838606834412,0.5508770942687988,0.3333333432674408,0.5384615659713745
0.22695034742355347,0.9583333730697632,0.9737741947174072,0.5894737839698792,0.4444444477558136,0.7692307829856873
0.07092198729515076,0.604166567325592,0.44013676047325134,0.7964911460876465,0.2222222238779068,0.8461538553237915
0.8770685791969299,0.6666666269302368,0.8129988312721252,0.6912279725074768,0.2222222238779068,0.7692307829856873
0.8747044801712036,0.22916673123836517,0.36145952343940735,0.2771930396556854,0.5555555820465088,0.8461538553237915
0.03782505914568901,0.8333333134651184,0.7628277540206909,0.985964834690094,0.5555555820465088,0.8461538553237915
0.7139480113983154,0.7083332538604736,0.6316989660263062,0.8982455730438232,0.2222222238779068,0.8461538553237915
0.9881796836853027,0,0.42189276218414307,0.12631574273109436,0.3333333432674408,0.692307710647583
0.6028369069099426,0.39583322405815125,0.5906499624252319,0.48421064019203186,0.5555555820465088,0.23076923191547394
0.08747044950723648,0.4166666567325592,0.5461801290512085,0.1649121791124344,0.2222222238779068,0.5384615659713745
0.08037824928760529,0.7708332538604736,0.4732040464878082,0.19298245012760162,0.3333333432674408,0.38461539149284363
0.4609929025173187,0.33333340287208557,0.46864303946495056,0.178947314620018,0,0.5384615659713745
0.3758865296840668,0.2708333730697632,0.4652223289012909,0.27017533779144287,0.5555555820465088,0.8461538553237915
0.14657209813594818,0.3541666269302368,0.5108323097229004,0.25614047050476074,0.4444444477558136,0.38461539149284363
0.6855791807174683,0,0.4663625955581665,0.12631574273109436,0.3333333432674408,0.23076923191547394
